,word,error
0,Sacraria,27607224.0
1,Succeed,29795871.0
2,Costaea,29855111.0
3,Euscaro,30379728.0
4,Carbazic,30456437.0
5,Suctoria,30625782.0
6,Susumu,30779809.0
7,Syruped,30960080.0
8,Aracana,30965329.0
9,Satrapal,31027580.0
10,Upcoast,31410664.0
11,Cascara,31572640.0
12,Eutaxitic,31689049.0
13,Upboost,31710537.0
14,Sualocin,31794852.0
15,Sunland,31921056.0
16,Noduled,31985261.0
17,Cardioid,32101254.0
18,Succinct,32313416.0
19,Guaiacol,32481568.0
20,Conopid,32605098.0
21,Sowans,32623617.0
22,Stopped,32822721.0
23,Caridoid,33277994.0
24,Kawaka,33301149.0
25,Stipuled,33403148.0
26,Soapbox,33539482.0
27,Carbinol,33581959.0
28,Curtana,33596722.0
29,Sastean,33619585.0
30,Saccadic,33713244.0
31,Carajura,33771828.0
32,Spatted,33808142.0
33,Surbase,34016417.0
34,Episodal,34042822.0
35,Suppost,34046898.0
36,Sandust,34077730.0
37,Eutaxite,34093397.0
38,Casquet,34295111.0
39,Casuary,34362048.0
40,Scoured,34394798.0
41,Suwandi,34498745.0
42,Cytozoic,34615068.0
43,Salvadorian,34702872.0
44,Spatiate,34792922.0
45,Civilized,34796234.0
46,Carabao,34912987.0
47,Castalia,34953233.0
48,Catapan,34972689.0
49,Safawid,34974397.0
50,Curupira,34985176.0
51,Calvaria,35140594.0
52,Stabilist,35152389.0
53,Vascons,35186061.0
54,Salvadoraceae,35240749.0
55,Salvadoran,35240749.0
56,Salvadora,35240749.0
57,Salvadoraceous,35240749.0
58,Stylopid,35267347.0
59,Siciliana,35323999.0
60,Vaccinia,35337673.0
61,Satanas,35402699.0
62,Vacuous,35544650.0
63,Vorticist,35555094.0
64,Outyard,35557586.0
65,Saxicola,35623308.0
66,Applaud,35632512.0
67,Calvatia,35648122.0
68,Enclaret,35663607.0
69,Coadapt,35742219.0
70,Saboted,35819881.0
71,Curacao,35846304.0
72,Hadland,35852146.0
73,Saccade,35896862.0
74,Buduma,35951689.0
75,Sarrazin,36053208.0
76,Euskara,36142998.0
77,Coccidia,36169958.0
78,Succade,36178121.0
79,Badland,36218279.0
80,Upupoid,36260876.0
81,Ecstasis,36318920.0
82,Corupay,36323049.0
83,Carapax,36336188.0
84,Agalaxia,36339003.0
85,Saracen,36404771.0
86,Cotyloid,36415836.0
87,Stubbed,36453767.0
88,Oxidator,36513771.0
89,Carbanil,36519040.0
90,Stepped,36546856.0
91,Sarkical,36547448.0
92,Coroado,36643269.0
93,Kootcha,36671161.0
94,Spawny,36735311.0
95,Upspout,36737293.0
96,Castalio,36830610.0
97,Coadmit,36843951.0
98,Sarcodic,36860771.0
99,Crabbed,36878782.0
100,Cuscuta,36908394.0
101,Catalina,36919810.0
102,Kailyard,36941187.0
103,Ataraxia,36943800.0
104,Curialist,36954566.0
105,Vamped,37009477.0
106,Cuspidal,37025782.0
107,Scotopic,37042754.0
108,Sectator,37044562.0
109,Euskera,37069594.0
110,Clavaria,37091508.0
111,Gozzard,37156074.0
112,Scooped,37158230.0
113,Salivant,37218247.0
114,Babuina,37226996.0
115,Guavina,37289909.0
116,Epoptist,37293127.0
117,Loquent,37299288.0
118,Encloud,37327684.0
119,Arabana,37352593.0
120,Gorilloid,37358561.0
121,Scapose,37363957.0
122,Nocuous,37486098.0
123,Cattabu,37497867.0
124,Saravan,37526986.0
125,Slavonic,37528646.0
126,Sparada,37543970.0
127,Conuzor,37559743.0
128,Surpass,37610873.0
129,Satureia,37681917.0
130,Appliant,37685168.0
131,Clavacin,37706881.0
132,Accused,37729951.0
133,Autopsic,37806912.0
134,Cataract,37811371.0
135,Suboptic,37818238.0
136,Cucurbit,37823138.0
137,Valuator,37824851.0
138,Goddard,37848392.0
139,Sprawly,37855558.0
140,Scacchic,37907216.0
141,Cariama,37907892.0
142,Sextans,37912035.0
143,Corbeau,37928142.0
144,Gudame,37937360.0
145,Spyboat,37956820.0
146,Carbona,37977176.0
147,Serapea,38007128.0
148,Cercaria,38009768.0
149,Anaudia,38025401.0
150,Spayard,38028471.0
151,Costean,38038336.0
152,Daddock,38045489.0
153,Concord,38090369.0
154,Earldom,38093733.0
155,Updome,38095852.0
156,Eridanid,38128216.0
157,Subtotal,38138658.0
158,Synusia,38154058.0
159,Soldado,38186523.0
160,Diabasic,38203116.0
161,Aproctia,38219403.0
162,Spotted,38223609.0
163,Unsized,38230922.0
164,Acarapis,38267854.0
165,Entozoa,38330490.0
166,Vapored,38376972.0
167,Epicarid,38415475.0
168,Coadore,38428072.0
169,Cosuitor,38441103.0
170,Unpiped,38458943.0
171,Soutane,38462427.0
172,Coracial,38496662.0
173,Cowbird,38516080.0
174,Durzada,38521225.0
175,Outbent,38542720.0
176,Foxbane,38556196.0
177,Scabwort,38569066.0
178,Scabbed,38584566.0
179,Amazed,38613351.0
180,Subtend,38628738.0
181,Carolina,38634111.0
182,Serapist,38652960.0
183,Subtilist,38680436.0
184,Statued,38694389.0
185,Cuzceno,38728152.0
186,Surprint,38753930.0
187,Expiator,38776717.0
188,Suricata,38821443.0
189,Earache,38822244.0
190,Oxaluria,38823694.0
191,Cardiocirrhosis,38827629.0
192,Stoupful,38857873.0
193,Stalactic,38870536.0
194,Epitactic,38905578.0
195,Sodioaurous,38913769.0
196,Subjoint,38935719.0
197,Stooded,38941418.0
198,Sodomic,38946926.0
199,Epitome,38950159.0
200,Alouatta,38965998.0
201,Cunonia,39005841.0
202,Cuculoid,39006562.0
203,Outbawl,39041690.0
204,Soroban,39051717.0
205,Subideal,39051998.0
206,Gardant,39084560.0
207,Conusor,39087580.0
208,Sorbose,39102878.0
209,Buckpot,39135744.0
210,Coracias,39160151.0
211,Expilator,39186377.0
212,Coconut,39191364.0
213,Carpalia,39192773.0
214,Cartload,39224671.0
215,Sparaxis,39246152.0
216,Cactales,39262538.0
217,Savored,39266844.0
218,Succuba,39357050.0
219,Antiacid,39367396.0
220,Cariacus,39392429.0
221,Outbowl,39412255.0
222,Octoped,39440951.0
223,Calicoed,39469116.0
224,Octopod,39478518.0
225,Capomo,39496136.0
226,Godown,39607067.0
227,Caeoma,39620385.0
228,Groupist,39659571.0
229,Cuspate,39659857.0
230,Conaxial,39691245.0
231,Spousal,39698755.0
232,Scyllioid,39726684.0
233,Sampan,39733247.0
234,Autopsy,39739367.0
235,Soricoid,39745451.0
236,Outcase,39759199.0
237,Stellaria,39764607.0
238,Aliquant,39767653.0
239,Spraints,39779415.0
240,Crooked,39816459.0
241,Eustace,39830013.0
242,Baccara,39836879.0
243,Canadol,39840655.0
244,Krausite,39843614.0
245,Vanadyl,39874326.0
246,Succinyl,39874762.0
247,Ecotone,39882939.0
248,Garcinia,39883995.0
249,Uvularia,39926748.0
250,Gowked,39943172.0
251,Scalytail,39945832.0
252,Cacatua,39954325.0
253,Grouped,39984791.0
254,Oozooid,39986433.0
255,Auxilium,39999383.0
256,Eucrasy,40000038.0
257,Subcase,40018637.0
258,Faltboat,40056009.0
259,Sapwort,40063741.0
260,Candied,40074814.0
261,Outpass,40116017.0
262,Castelet,40126272.0
263,Auxiliate,40161052.0
264,Capcase,40175376.0
265,Sabbatic,40176252.0
266,Custody,40188171.0
267,Aurated,40191205.0
268,Socialist,40206048.0
269,Epidural,40206646.0
270,Sursaturation,40221656.0
271,Exocone,40267021.0
272,Epicoela,40281770.0
273,Outcarol,40283780.0
274,Sarcosis,40304989.0
275,Snouted,40306319.0
276,Katalyst,40329604.0
277,Ecstasy,40354377.0
278,Autosite,40357650.0
279,Custard,40375257.0
280,Galvanic,40403064.0
281,Nonacid,40407123.0
282,Avowed,40423893.0
283,Kurbash,40430752.0
284,Sexuous,40444315.0
285,Karaism,40488177.0
286,Solitaire,40497112.0
287,Epiclidal,40514602.0
288,Carboxy,40518874.0
289,Subbass,40523217.0
290,Suspect,40536943.0
291,Candock,40545715.0
292,Gedackt,40560462.0
293,Campoo,40566720.0
294,Caravan,40605040.0
295,Dastard,40615889.0
296,Autocab,40626550.0
297,Adawlut,40641710.0
298,Canasta,40643785.0
299,Eucrasia,40647023.0
300,Obolaria,40666328.0
301,Autoecic,40671430.0
302,Fasciola,40674908.0
303,Epibasal,40697299.0
304,Kiotome,40738323.0
305,Sacaton,40745094.0
306,Curvature,40757178.0
307,Satanist,40760013.0
308,Azoxime,40764800.0
309,Catoctin,40792926.0
310,Araucan,40822176.0
311,Conoidic,40833816.0
312,Caryatid,40834067.0
313,Catalyst,40862415.0
314,Subduce,40863762.0
315,Dionaea,40869858.0
316,Eskuara,40870398.0
317,Coturnix,40871487.0
318,Sodomy,40879381.0
319,Shivaist,40879880.0
320,Rosland,40880398.0
321,Coalless,40882968.0
322,Assured,40895803.0
323,Succent,40897236.0
324,Sursolid,40913827.0
325,Ecotypic,40925348.0
326,Voracity,40944437.0
327,Abrastol,40954561.0
328,Subtract,40973040.0
329,Sakkara,40973506.0
330,Carcoon,41004581.0
331,Variolitic,41012141.0
332,Euskaric,41012358.0
333,Success,41023907.0
334,Naticoid,41033092.0
335,Caudata,41034117.0
336,Scyllaea,41037610.0
337,Carbene,41047437.0
338,Cowpea,41049794.0
339,Varicoid,41054373.0
340,Exedent,41069271.0
341,Footpad,41069948.0
342,Spalacidae,41078089.0
343,Cookout,41095697.0
344,Caracoli,41108070.0
345,Icacorea,41141561.0
346,Radiator,41159804.0
347,Crapaud,41176603.0
348,Camaca,41195736.0
349,Brabant,41198874.0
350,Babiana,41201655.0
351,Outbred,41217789.0
352,Suicidist,41224072.0
353,Boccaro,41258501.0
354,Upcome,41270136.0
355,Subdual,41270411.0
356,Cuspidor,41275394.0
357,Ellwand,41286613.0
358,Suhuaro,41329675.0
359,Subpool,41340508.0
360,Oatland,41341880.0
361,Yarkand,41358306.0
362,Jaculatorial,41359207.0
363,Jaculator,41359207.0
364,Copiopia,41359707.0
365,Emarcid,41366854.0
366,Dappled,41372510.0
367,Amused,41407041.0
368,Soapery,41415940.0
369,Epicauta,41431425.0
370,Entoptic,41432592.0
371,Schizoid,41438661.0
372,Cameist,41456962.0
373,Earthed,41470332.0
374,Costard,41470959.0
375,Autoinoculable,41483414.0
376,Autoinoculation,41483414.0
377,Aptyalia,41489618.0
378,Ribband,41490519.0
379,Parazoa,41495303.0
380,Cuminol,41495548.0
381,Sumass,41504133.0
382,Saeume,41520635.0
383,Endome,41531604.0
384,Grallatorial,41553842.0
385,Naturist,41558625.0
386,Vacuum,41590227.0
387,Outland,41645685.0
388,Krausen,41649029.0
389,Gamont,41659901.0
390,Irascent,41663023.0
391,Synapte,41664896.0
392,Excitant,41686291.0
393,Eustatic,41697363.0
394,Sawarra,41729700.0
395,Alouatte,41735594.0
396,Apocarp,41735795.0
397,Uptrend,41741946.0
398,Succuss,41748016.0
399,Dunciad,41752146.0
400,Enwood,41777324.0
401,Babuma,41790090.0
402,Equiped,41801452.0
403,Latticed,41816715.0
404,Samoan,41820642.0
405,Sompay,41826392.0
406,Conduct,41832849.0
407,Stanzaic,41848060.0
408,Catoism,41872257.0
409,Survivor,41891188.0
410,Carayan,41952542.0
411,Dilatator,41954560.0
412,Galaxias,41992970.0
413,Doubled,41998224.0
414,Cordeau,41998534.0
415,Surfbird,42007723.0
416,Crotonic,42013651.0
417,Speltoid,42016316.0
418,Undiked,42019632.0
419,Nodulize,42027150.0
420,Acmaea,42029076.0
421,Carpium,42032983.0
422,Cocktail,42033069.0
423,Apodous,42035025.0
424,Coquina,42036528.0
425,Voidable,42041631.0
426,Garland,42051207.0
427,Luscinia,42065886.0
428,Cardona,42077584.0
429,Stupend,42079764.0
430,Diaclase,42111698.0
431,Sawaiori,42117790.0
432,Nibbana,42122550.0
433,Oratorio,42127120.0
434,Autocall,42130641.0
435,Carbeen,42136955.0
436,Scorpiid,42138070.0
437,Diphead,42149768.0
438,Parapod,42151606.0
439,Vacuate,42156210.0
440,Abscess,42161154.0
441,Saktism,42162675.0
442,Cantara,42167579.0
443,Andaqui,42177619.0
444,Stadium,42179265.0
445,Euchred,42185551.0
446,Sunbow,42186102.0
447,Kodurite,42188961.0
448,Caricous,42196640.0
449,Crossed,42208789.0
450,Oopodal,42213539.0
451,Canamo,42218756.0
452,Adularia,42222416.0
453,Sowable,42232196.0
454,Santalol,42249939.0
455,Eunomy,42258798.0
456,Yurucari,42265794.0
457,Colyonic,42278351.0
458,Carbinyl,42312803.0
459,Surbater,42335930.0
460,Coronad,42337841.0
461,Ruddied,42339237.0
462,Suboval,42346796.0
463,Absume,42349413.0
464,Subtone,42414729.0
465,Succeeding,42430121.0
466,Succeedingly,42430121.0
467,Coabode,42459168.0
468,Cracked,42464841.0
469,Ondatra,42467791.0
470,Swayed,42468134.0
471,Cocowort,42503614.0
472,Smoked,42519628.0
473,Nopalea,42546508.0
474,Spoliary,42548493.0
475,Acoustic,42568774.0
476,Porzana,42581338.0
477,Cucumis,42585480.0
478,Ensuant,42605165.0
479,Tassard,42610659.0
480,Visitator,42611910.0
481,Combed,42611975.0
482,Decidual,42612807.0
483,Suasory,42616331.0
484,Isodiazo,42617660.0
485,Catapult,42626823.0
486,Cathead,42631270.0
487,Fascista,42658250.0
488,Hortator,42671045.0
489,Cathood,42691160.0
490,Stapelia,42693623.0
491,Dopatta,42694244.0
492,Acardiac,42705750.0
493,Enzootic,42724358.0
494,Stabwort,42739382.0
495,Unroost,42741400.0
496,Systilius,42744241.0
497,Endonuclear,42747916.0
498,Endonucleolus,42747916.0
499,Huddock,42758139.0
500,Complot,42768556.0
501,Taxiauto,42779471.0
502,Sunway,42789866.0
503,Sappare,42791498.0
504,Saxhorn,42798396.0
505,Ruddock,42810138.0
506,Sunspot,42836667.0
507,Bequest,42838778.0
508,Grallatores,42847270.0
509,Upcrawl,42866548.0
510,Cyclonal,42866560.0
511,Sparked,42882429.0
512,Serialist,42882643.0
513,Sarcocarp,42883280.0
514,Coelococcus,42893802.0
515,Cocause,42904204.0
516,Sorbaria,42909319.0
517,Goburra,42921315.0
518,Assidual,42926518.0
519,Biquartz,42948417.0
520,Calyptra,42956867.0
521,Alocasia,42965098.0
522,Epistolic,42970542.0
523,Request,42979734.0
524,Outcavil,42980845.0
525,Yurujure,42992664.0
526,Axstone,42998012.0
527,Apropos,42999924.0
528,Excluder,43000623.0
529,Garlandry,43002813.0
530,Acetonic,43013934.0
531,Captious,43025048.0
532,Captiousness,43025048.0
533,Captiously,43025048.0
534,Encomic,43030980.0
535,Decorist,43036298.0
536,Cetacea,43046038.0
537,Epispadias,43048181.0
538,Epispadiac,43048181.0
539,Salpicon,43049013.0
540,Katamorphism,43049091.0
541,Epivalve,43055441.0
542,Snooper,43060017.0
543,Roxbury,43063858.0
544,Saxtuba,43072381.0
545,Cestoda,43075137.0
546,Croconic,43076039.0
547,Eradiate,43084520.0
548,Scorpius,43098278.0
549,Haddock,43104970.0
550,Ituraean,43113482.0
551,Cystose,43146958.0
552,Spatling,43148684.0
553,Subdevil,43148777.0
554,Oxblood,43149065.0
555,Abstract,43159273.0
556,Scotosis,43159554.0
557,Virtuosa,43164303.0
558,Caroche,43165903.0
559,Canopus,43170219.0
560,Coraciae,43180311.0
561,Entozoic,43191202.0
562,Cambist,43192194.0
563,Oatcake,43228657.0
564,Acquest,43234285.0
565,Evacuee,43237532.0
566,Sailboat,43255520.0
567,Kamass,43256861.0
568,Cardium,43263181.0
569,Solvend,43264108.0
570,Solstitia,43270620.0
571,Coequal,43270711.0
572,Vaccaria,43282387.0
573,Guatuso,43284060.0
574,Simuliid,43298407.0
575,Gunzian,43312070.0
576,Harvard,43344331.0
577,Toxicant,43347571.0
578,Salvable,43348036.0
579,Nuculoid,43348406.0
580,Goddam,43360220.0
581,Focaloid,43375497.0
582,Joculator,43375742.0
583,Actuator,43381075.0
584,Colubrid,43383987.0
585,Koswite,43391949.0
586,Karaoke,43394273.0
587,Sorbent,43406032.0
588,Vespoid,43410607.0
589,Variolite,43416489.0
590,Seatang,43423975.0
591,Jaculatory,43427562.0
592,Outread,43432127.0
593,Burbank,43435488.0
594,Carabini,43441450.0
595,Sackbag,43448325.0
596,Stippled,43449957.0
597,Stability,43457582.0
598,Repulpit,43464037.0
599,Glossed,43464735.0
600,Outborn,43470885.0
601,Baddock,43471103.0
602,Cascado,43473191.0
603,Optional,43505735.0
604,Sabutan,43506246.0
605,Echiurid,43515492.0
606,Upcover,43518361.0
607,Caspian,43528646.0
608,Sycoma,43529682.0
609,Solonist,43532360.0
610,Cyrtopia,43536656.0
611,Polyacid,43540744.0
612,Acapnial,43541678.0
613,Cardiant,43541881.0
614,Cartway,43548365.0
615,Bequote,43551005.0
616,Saburral,43556683.0
617,Simulacrize,43560141.0
618,Karagan,43565770.0
619,Abelicea,43570651.0
620,Cutidure,43574814.0
621,Puruloid,43595621.0
622,Synactic,43608932.0
623,Grallatory,43622197.0
624,Acetoxyl,43640492.0
625,Cusconine,43642113.0
626,Sprucely,43644252.0
627,Avalanche,43651713.0
628,Outstrut,43673181.0
629,Subcast,43673469.0
630,Cardioncus,43684866.0
631,Sequest,43685007.0
632,Aurulent,43690835.0
633,Requote,43691961.0
634,Cocoach,43704892.0
635,Shadoof,43713932.0
636,Cuboidal,43744155.0
637,Sortable,43762261.0
638,Lazuline,43772685.0
639,Gadwall,43773343.0
640,Epipubis,43776724.0
641,Virtuoso,43781878.0
642,Camass,43789672.0
643,Diploma,43807965.0
644,Cocorico,43810309.0
645,Flatland,43814624.0
646,Sorbonic,43815451.0
647,Cuissart,43816517.0
648,Scarved,43820693.0
649,Etypical,43822376.0
650,Costata,43827929.0
651,Apologal,43849677.0
652,Carvone,43850009.0
653,Doctoral,43855703.0
654,Opacous,43870320.0
655,Epiploce,43872832.0
656,Cascade,43885124.0
657,Carludovica,43886079.0
658,Synodal,43901992.0
659,Apocrita,43914497.0
660,Voidless,43916451.0
661,Samson,43917668.0
662,Gowpen,43942534.0
663,Systaltic,43951541.0
664,Steatitic,43959044.0
665,Buzzard,43965704.0
666,Sacrarial,43966858.0
667,Subpass,43974599.0
668,Oatfowl,43977970.0
669,Stubboy,43980509.0
670,Barbaric,43988853.0
671,Spinacia,43993602.0
672,Barbara,44007111.0
673,Adopted,44013675.0
674,Apotypic,44014566.0
675,Nunatak,44022715.0
676,Dilatatory,44022915.0
677,Cautiousness,44026835.0
678,Cautious,44026835.0
679,Cautiously,44026835.0
680,Enquirer,44035180.0
681,Surprise,44038721.0
682,Spavied,44042946.0
683,Carcake,44044125.0
684,Cantaro,44044956.0
685,Huzzard,44054661.0
686,Cordoba,44059412.0
687,Saguaro,44073598.0
688,Sompne,44074892.0
689,Epitomic,44083297.0
690,Narrator,44097558.0
691,Simulacra,44098018.0
692,Simulacral,44098018.0
693,Fabraea,44098072.0
694,Lazybird,44098087.0
695,Racialist,44100636.0
696,Glossist,44114119.0
697,Camisia,44118739.0
698,Statistic,44134386.0
699,Outcant,44141050.0
700,Cydonia,44149974.0
701,Loppard,44154794.0
702,Toxicoid,44160368.0
703,Synaxar,44162094.0
704,Recoast,44162400.0
705,Statable,44169326.0
706,Vaccenic,44182110.0
707,Conacre,44183250.0
708,Outlabor,44189352.0
709,Curvant,44192511.0
710,Obovoid,44194082.0
711,Simulacrum,44194689.0
712,Scarious,44205678.0
713,Carvene,44219560.0
714,Spathed,44244498.0
715,Antipool,44244972.0
716,Serrana,44244975.0
717,Nasutus,44249358.0
718,Enplane,44259685.0
719,Cotyttia,44259908.0
720,Uniaxial,44265954.0
721,Equiarticulate,44269035.0
722,Recount,44273214.0
723,Cavitied,44278974.0
724,Scioptric,44292853.0
725,Vestalia,44296692.0
726,Sladang,44301102.0
727,Spectrochemical,44307576.0
728,Spectrochemistry,44307576.0
729,Caracole,44310235.0
730,Staysail,44310532.0
731,Synovia,44313313.0
732,Suppose,44317626.0
733,Synoptic,44318899.0
734,Bouquet,44327078.0
735,Rudistid,44335855.0
736,Catalufa,44336597.0
737,Sanders,44348601.0
738,Korakan,44348882.0
739,Sciolism,44354928.0
740,Erodium,44355186.0
741,Subloral,44361981.0
742,Sextolet,44365919.0
743,Sarcocarcinoma,44366509.0
744,Carijona,44371498.0
745,Vacillate,44381658.0
746,Guttable,44384998.0
747,Anacard,44395039.0
748,Goracco,44409115.0
749,Outpace,44410701.0
750,Sowarry,44421944.0
751,Ahaaina,44423336.0
752,Sahukar,44430668.0
753,Solidaric,44433772.0
754,Succous,44443775.0
755,Sociales,44456362.0
756,Cowardliness,44457042.0
757,Sarbican,44463467.0
758,Cartoon,44468083.0
759,Serjania,44493565.0
760,Sprayey,44495646.0
761,Vacillant,44498689.0
762,Episarcine,44500788.0
763,Sciuroid,44507403.0
764,Unroast,44516663.0
765,Corypha,44517188.0
766,Cnidaria,44519414.0
767,Guarani,44538738.0
768,Syconid,44539614.0
769,Systasis,44544899.0
770,Jaspopal,44550257.0
771,Cantata,44564415.0
772,Enzooty,44567757.0
773,Suguaro,44569881.0
774,Comical,44574004.0
775,Agouara,44588092.0
776,Chalazal,44595630.0
777,Bacbakiri,44600782.0
778,Satiably,44602790.0
779,Corsaint,44613828.0
780,Flatboat,44622113.0
781,Sidalcea,44628273.0
782,Spillway,44630051.0
783,Expirant,44631385.0
784,Arabism,44634914.0
785,Surfacer,44636010.0
786,Sealless,44643601.0
787,Caroline,44662979.0
788,Gestant,44664896.0
789,Lactucol,44668327.0
790,Upcrane,44676250.0
791,Upsway,44683475.0
792,Cardoon,44688691.0
793,Acetone,44688842.0
794,Outrank,44694347.0
795,Zanonia,44713597.0
796,Radome,44715936.0
797,Envapor,44725477.0
798,Stabilize,44728674.0
799,Virtuose,44734003.0
800,Saturnia,44734394.0
801,Saponin,44738188.0
802,Autositic,44740096.0
803,Unlaced,44749669.0
804,Sibilator,44752014.0
805,Genipap,44759933.0
806,Subbase,44777701.0
807,Satrapic,44781276.0
808,Kasbeke,44782986.0
809,Sprucify,44784650.0
810,Stunted,44798228.0
811,Stopgap,44802213.0
812,Curtaining,44819312.0
813,Styracin,44834434.0
814,Carouse,44834930.0
815,Avidious,44836736.0
816,Sodiocitrate,44840129.0
817,Chalana,44843940.0
818,Uprouse,44852843.0
819,Simulacre,44853569.0
820,Sumitro,44869892.0
821,Czaritza,44870372.0
822,Exactive,44881541.0
823,Adulator,44884838.0
824,Bedpost,44893018.0
825,Rubianic,44894650.0
826,Eyespot,44903230.0
827,Simoom,44906382.0
828,Donator,44906806.0
829,Escapist,44909394.0
830,Saffarid,44911824.0
831,Lycopod,44913552.0
832,Varanus,44919411.0
833,Keacorn,44922191.0
834,Sociably,44926965.0
835,Suwarro,44931016.0
836,Volutoid,44934595.0
837,Solvable,44935109.0
838,Dodrans,44936157.0
839,Epifocal,44942608.0
840,Vorticial,44942625.0
841,Adscript,44954234.0
842,Spatular,44955621.0
843,Itonama,44963662.0
844,Disband,44965483.0
845,National,44970759.0
846,Exocline,44978751.0
847,Endozoa,44988618.0
848,Concent,45002551.0
849,Spruiker,45005474.0
850,Navalist,45015958.0
851,Sealable,45032269.0
852,Gondola,45032427.0
853,Bobcoat,45035573.0
854,Exordial,45040576.0
855,Cahokia,45044951.0
856,Carnose,45050148.0
857,Natuary,45059920.0
858,Stuartia,45062115.0
859,Graciously,45067093.0
860,Gracious,45067093.0
861,Graciousness,45067093.0
862,Onward,45072938.0
863,Stipulae,45075036.0
864,Subduct,45085722.0
865,Cuttable,45098241.0
866,Subconical,45107559.0
867,Auslaute,45125134.0
868,Oxidable,45136845.0
869,Sequent,45147382.0
870,Striated,45161752.0
871,Crabcatcher,45172517.0
872,Oyapock,45181791.0
873,Autoslip,45184925.0
874,Cocama,45191795.0
875,Diactinic,45196137.0
876,Yoruban,45214841.0
877,Spooner,45217483.0
878,Septical,45224421.0
879,Serumal,45230003.0
880,Bustard,45239582.0
881,Slopped,45247544.0
882,Cottidae,45250021.0
883,Cartable,45253242.0
884,Curiality,45259759.0
885,Ectozoa,45261369.0
886,Karamu,45262890.0
887,Fistiana,45265204.0
888,Caboose,45278974.0
889,Astrand,45279011.0
890,Yustaga,45282533.0
891,Outbuzz,45291906.0
892,Carbonic,45306432.0
893,Hackbut,45306628.0
894,Capitoul,45308071.0
895,Epicyclic,45309240.0
896,Coactive,45310302.0
897,Aurochs,45314164.0
898,Sowens,45317789.0
899,Koranist,45323845.0
900,Judicatorial,45337345.0
901,Judicator,45337345.0
902,Opdalite,45342455.0
903,Survival,45342510.0
904,Edmond,45350928.0
905,Outbuild,45368179.0
906,Gaudete,45372670.0
907,Sociable,45373614.0
908,Earpiece,45380932.0
909,Content,45382161.0
910,Papboat,45383486.0
911,Zootaxy,45389580.0
912,Cashibo,45389914.0
913,Vortices,45397396.0
914,Nodated,45400941.0
915,Shauwe,45402028.0
916,Scolecid,45408502.0
917,Cadrans,45410411.0
918,Camelid,45414501.0
919,Guydom,45423888.0
920,Notional,45434432.0
921,Scolices,45442988.0
922,Outstrip,45454765.0
923,Saxicole,45460674.0
924,Urotoxia,45460925.0
925,Ranatra,45461748.0
926,Rubiator,45463315.0
927,Cardanic,45465017.0
928,Acouchy,45469679.0
929,Exosmic,45472765.0
930,Sucupira,45473572.0
931,Gynandrism,45479318.0
932,Gynandria,45479318.0
933,Gynandrian,45479318.0
934,Hatteria,45480388.0
935,Executorial,45486489.0
936,Executor,45486489.0
937,Salpidae,45490175.0
938,Automorphically,45494152.0
939,Automorphic,45494152.0
940,Automorph,45494152.0
941,Automorphism,45494152.0
942,Syconus,45499822.0
943,Stackful,45502308.0
944,Bedcord,45507812.0
945,Slavistic,45507914.0
946,Curatize,45509870.0
947,Spiraled,45513425.0
948,Caranda,45517457.0
949,Gaiassa,45527000.0
950,Subduer,45529282.0
951,Coranto,45533373.0
952,Damara,45538467.0
953,Salivous,45541530.0
954,Suricate,45541863.0
955,Pictland,45570407.0
956,Cortices,45579455.0
957,Outblow,45591353.0
958,Epigonic,45592725.0
959,Embrica,45592926.0
960,Cardecu,45611743.0
961,Cyclopia,45617799.0
962,Eusporangiate,45623296.0
963,Upvomit,45624785.0
964,Bracteal,45625923.0
965,Ecstatic,45629050.0
966,Scotopia,45638168.0
967,Scalaria,45640555.0
968,Subcutis,45648664.0
969,Gabbard,45648897.0
970,Axonost,45655339.0
971,Salvably,45658119.0
972,Arapaho,45663355.0
973,Authorcraft,45675154.0
974,Soulless,45680489.0
975,Lamaist,45692263.0
976,Slashed,45699811.0
977,Untwist,45709807.0
978,Amazon,45710583.0
979,Solicitrix,45720988.0
980,Sackbut,45735068.0
981,Euryalus,45746547.0
982,Staunch,45749674.0
983,Aphonia,45751709.0
984,Septane,45753171.0
985,Croupier,45760238.0
986,Gutwort,45760559.0
987,Spalacine,45767663.0
988,Sulvasutra,45772281.0
989,Spiculae,45775594.0
990,Crotalus,45775726.0
991,Autocrat,45777133.0
992,Eteoclus,45781314.0
993,Salvianin,45783671.0
994,Sociation,45783818.0
995,Stupose,45793184.0
996,Laqueus,45795255.0
997,Scalably,45799688.0
998,Symbiot,45802096.0
999,Sorbonical,45805956.0
