,guess,score
0,Ilulcanos,3481407.0
1,Ilulcanizs,3987743.0
2,Ilulcanizo,3990655.0
3,Ilulcanizq,3991926.0
4,Ilulcanizc,3994790.0
5,Ilulcanizd,3996737.0
6,Ilulcanizv,4003535.0
7,Ilulcanizy,4003574.0
8,Ilulcanizw,4007866.0
9,Ilulcanize,4009919.0
10,Ilulcanizt,4020934.0
11,Ilulcanizf,4029431.0
12,Ilulcanizx,4041154.0
13,Ilulcanizz,4055842.0
14,Ilulcanor,4070322.0
15,Ilulcanov,4070662.0
16,Ilulcanon,4075658.0
17,Ilulcanom,4075962.0
18,Ilulcanizg,4105474.0
19,Ilulcanizu,4113313.0
20,Ilulcancs,4202065.0
21,Ilulcanoy,4255519.0
22,Ilulcanizi,4260559.0
23,Ilulcaniz,4260559.0
24,Ilulcanizl,4260559.0
25,Ilulcanizr,4260559.0
26,Jliiicanos,4267498.0
27,Ilulcanus,4294239.0
28,Ilulcaniza,4309554.0
29,Ilulcanow,4368095.0
30,Ilulcancri,4372381.0
31,Ilulcancr,4372381.0
32,Ilulcancrj,4372381.0
33,Ilulcancrl,4372381.0
34,Iluicanos,4391047.0
35,Ilulcanoe,4486978.0
36,Iiulcanos,4543991.0
37,Ilulcancn,4550794.0
38,Ilulcancm,4560658.0
39,Ilulconos,4606318.0
40,Ilulcaisw,4739963.0
41,Ilulcanoo,4766082.0
42,Jliiicanizs,4773834.0
43,Jliiicanizo,4776746.0
44,Jliiicanizq,4778017.0
45,Jliiicanizc,4780881.0
46,Jliiicanizd,4782828.0
47,Jliiicanizv,4789626.0
48,Jliiicanizy,4789665.0
49,Jliiicanizw,4793957.0
50,Jliiicanize,4796010.0
51,Jliiicanizt,4807025.0
52,Ilulcanox,4809678.0
53,Jliiicanizf,4815522.0
54,Jlzlcanos,4820542.0
55,Jliiicanizx,4827245.0
56,Jliiicanizz,4841933.0
57,Ilulcanoq,4846392.0
58,Jliiicanor,4856413.0
59,Jliiicanov,4856753.0
60,Jliiicanon,4861749.0
61,Jliiicanom,4862053.0
62,Jliiicanizg,4891565.0
63,Iluicanizs,4897383.0
64,Jliiicanizu,4899404.0
65,Iluicanizo,4900295.0
66,Iluicanizq,4901566.0
67,Iluicanizc,4904430.0
68,Iluicanizd,4906377.0
69,Iluicanizv,4913175.0
70,Iluicanizy,4913214.0
71,Iluicanizw,4917506.0
72,Iluicanize,4919559.0
73,Ilulcanoc,4921383.0
74,Iluicanizt,4930574.0
75,Ilulcanou,4930794.0
76,Iluicanizf,4939071.0
77,Iluicanizx,4950794.0
78,Ilulcanod,4956606.0
79,Iluicanizz,4965482.0
80,Ilulcaiszs,4970814.0
81,Iluicanor,4979962.0
82,Iluicanov,4980302.0
83,Iluicanon,4985298.0
84,Iluicanom,4985602.0
85,Jliiicancs,4988156.0
86,Ilulcance,5012800.0
87,Iluicanizg,5015114.0
88,Iluicanizu,5022953.0
89,Ilulcanoii,5036379.0
90,Ilulcanoi,5036379.0
91,Ilulcanoil,5036379.0
92,Jliiicanoy,5041610.0
93,Ilulcanuv,5045944.0
94,Jliiicanizr,5046650.0
95,Jliiicanizl,5046650.0
96,Jliiicanizi,5046650.0
97,Jliiicaniz,5046650.0
98,Iiulcanizs,5050327.0
99,Iiulcanizo,5053239.0
100,Iiulcanizq,5054510.0
101,Iiulcanizc,5057374.0
102,Iiulcanizd,5059321.0
103,Iiulcanizv,5066119.0
104,Iiulcanizy,5066158.0
105,Iiulcanizw,5070450.0
106,Iiulcanize,5072503.0
107,Jliiicanus,5080330.0
108,Ilulcanur,5081374.0
109,Iiulcanizt,5083518.0
110,Ilulcanun,5087754.0
111,Ilulcanum,5088094.0
112,Iiulcanizf,5092015.0
113,Jliiicaniza,5095645.0
114,Iiulcanizx,5103738.0
115,Iluicancs,5111705.0
116,Ilulconizs,5112654.0
117,Ilulconizo,5115566.0
118,Ilulconizq,5116837.0
119,Iiulcanizz,5118426.0
120,Ilulconizc,5119701.0
121,Ilulconizd,5121648.0
122,Ilulconizv,5128446.0
123,Ilulconizy,5128485.0
124,Ilulconizw,5132777.0
125,Iiulcanor,5132906.0
126,Iiulcanov,5133246.0
127,Ilulconize,5134830.0
128,Iiulcanon,5138242.0
129,Iiulcanom,5138546.0
130,Ilulconizt,5145845.0
131,Ilulcanoij,5151979.0
132,Jliiicanow,5154186.0
133,Ilulconizf,5154342.0
134,Jliiicancr,5158472.0
135,Jliiicancri,5158472.0
136,Jliiicancrl,5158472.0
137,Jliiicancrj,5158472.0
138,Iluicanoy,5165159.0
139,Ilulconizx,5166065.0
140,Iiulcanizg,5168058.0
141,Iluicanizr,5170199.0
142,Iluicanizi,5170199.0
143,Iluicanizl,5170199.0
144,Iluicaniz,5170199.0
145,Iiulcanizu,5175897.0
146,Ilulconizz,5180753.0
147,Ilulconor,5195233.0
148,Ilulconov,5195573.0
149,Ilulcaiszw,5197862.0
150,Ilulconon,5200569.0
151,Ilulconom,5200873.0
152,Iluicanus,5203879.0
153,Iluicaniza,5219194.0
154,Ilulcancx,5223085.0
155,Ilulcaniel,5230044.0
156,Ilulcaniei,5230044.0
157,Ilulcanie,5230044.0
158,Ilulconizg,5230385.0
159,Ilulcanuy,5234075.0
160,Ilulconizu,5238224.0
161,Ilulcanim,5255760.0
162,Iiulcancs,5264649.0
163,Jliiicanoe,5273069.0
164,Iluicanow,5277735.0
165,Iluicancrl,5282021.0
166,Iluicancrj,5282021.0
167,Iluicancr,5282021.0
168,Iluicancri,5282021.0
169,Iiulcanoy,5318103.0
170,Iiulcanizi,5323143.0
171,Iiulcaniz,5323143.0
172,Iiulcanizl,5323143.0
173,Iiulcanizr,5323143.0
174,Jliiicancn,5336885.0
175,Ilulcaniej,5345644.0
176,Jliiicancm,5346749.0
177,Iiulcaniza,5372138.0
178,Ilulcanuw,5372487.0
179,Ilulconoy,5380430.0
180,Ilulcaiszy,5383832.0
181,Ilulconizi,5385470.0
182,Ilulconizl,5385470.0
183,Ilulconizr,5385470.0
184,Ilulconiz,5385470.0
185,Iluicanoe,5396618.0
186,Jlzlcanor,5409457.0
187,Jlzlcanov,5409797.0
188,Ilulcaisze,5412945.0
189,Jlzlcanon,5414793.0
190,Jlzlcanom,5415097.0
191,Ilulcaiszv,5417198.0
192,Iiulcanow,5430679.0
193,Ilulconiza,5434465.0
194,Iiulcancrj,5434965.0
195,Iiulcancr,5434965.0
196,Iiulcancri,5434965.0
197,Iiulcancrl,5434965.0
198,Ilulcissw,5438725.0
199,Iluicancn,5460434.0
200,Iluicancm,5470298.0
201,Ilulconow,5493006.0
202,Jliiicaisw,5526054.0
203,Iiulcanoe,5549562.0
204,Jliiicanoo,5552173.0
205,Ilulcanue,5558266.0
206,Ilulcaiszo,5562969.0
207,Ilulcanizj,5588083.0
208,Jlzlcanoy,5594654.0
209,Jliiicanox,5595769.0
210,Ilulconoe,5611889.0
211,Iiulcancn,5613378.0
212,Ilulcaninl,5619179.0
213,Ilulcanini,5619179.0
214,Ilulcanin,5619179.0
215,Ilulcaninj,5619179.0
216,Ilulcaiszq,5621918.0
217,Iiulcancm,5623242.0
218,Ilulcaiszc,5625510.0
219,Jliiicanoq,5632483.0
220,Ilulcaisav,5643617.0
221,Ilulcaisay,5646782.0
222,Ilulcaiszt,5651605.0
223,Ilulcaiszd,5661870.0
224,Iluicanoo,5675722.0
225,Jlzlcanow,5707230.0
226,Jliiicanoc,5707474.0
227,Ilulcaisaw,5711510.0
228,Jliiicanou,5716885.0
229,Iluicanox,5719318.0
230,Ilulcanixv,5736818.0
231,Jliiicanod,5742697.0
232,Ilulcanixy,5743487.0
233,Iluicanoq,5756032.0
234,Ilulcaiszx,5780561.0
235,Ilulcaiszu,5782317.0
236,Ilulcaisat,5793350.0
237,Jliiicance,5798891.0
238,Jliiicanoii,5822470.0
239,Jliiicanoil,5822470.0
240,Jliiicanoi,5822470.0
241,Jlzlcanoe,5826113.0
242,Iiulcanoo,5828666.0
243,Iluicanoc,5831023.0
244,Jliiicanuv,5832035.0
245,Ilulcaisaf,5832065.0
246,Iluicanou,5840434.0
247,Iluicanod,5866246.0
248,Ilulcanux,5866694.0
249,Jliiicanur,5867465.0
250,Ilulcanuo,5870110.0
251,Iiulcanox,5872262.0
252,Jliiicanun,5873845.0
253,Jliiicanum,5874185.0
254,Ilulcanixw,5875959.0
255,Ilulconoo,5890993.0
256,Iiulcanoq,5908976.0
257,Iluicance,5922440.0
258,Ilulconox,5934589.0
259,Jliiicanoij,5938070.0
260,Iluicanoi,5946019.0
261,Iluicanoil,5946019.0
262,Iluicanoii,5946019.0
263,Iluicanuv,5955584.0
264,Ilulcanuq,5964488.0
265,Ilulcancq,5969442.0
266,Ilulcaisov,5971162.0
267,Ilulconoq,5971303.0
268,Ilulcaisoy,5975563.0
269,Iiulcanoc,5983967.0
270,Iluicanur,5991014.0
271,Iiulcanou,5993378.0
272,Iluicanun,5997394.0
273,Iluicanum,5997734.0
274,Jliiicancx,6009176.0
275,Iiulcanod,6019190.0
276,Jliiicanuy,6020166.0
277,Ilulcanco,6025959.0
278,Ilulcanuu,6029232.0
279,Ilulcaniw,6034649.0
280,Ilulcanixt,6034887.0
281,Ilulconoc,6046294.0
282,Ilulcanuc,6049027.0
283,Ilulconou,6055705.0
284,Ilulcanuil,6057763.0
285,Ilulcanui,6057763.0
286,Ilulcanuii,6057763.0
287,Iluicanoij,6061619.0
288,Ilulcaisow,6064187.0
289,Ilulcania,6064302.0
290,Ilulcanial,6064302.0
291,Ilulcaniai,6064302.0
292,Iiulcance,6075384.0
293,Ilulcaisas,6076289.0
294,Ilulcancc,6079146.0
295,Ilulconod,6081517.0
296,Ilulcaisvv,6084038.0
297,Ilulcanud,6085402.0
298,Ilulcaisvy,6091049.0
299,Iiulcanoi,6098963.0
300,Iiulcanoil,6098963.0
301,Iiulcanoii,6098963.0
302,Jlzlcanoo,6105217.0
303,Ilulcanixf,6107474.0
304,Ilulcanixs,6121298.0
305,Iluicancx,6132725.0
306,Iluicanuy,6143715.0
307,Jlzlcanox,6148813.0
308,Ilulcaisau,6151715.0
309,Jliiicanuw,6158578.0
310,Ilulconoii,6161290.0
311,Ilulconoi,6161290.0
312,Ilulconoil,6161290.0
313,Ilulcancd,6165292.0
314,Ilulcaisot,6173219.0
315,Ilulcanuij,6173363.0
316,Ilulcaiscu,6174194.0
317,Ilulcaniaj,6179902.0
318,Jlzlcanoq,6185527.0
319,Ilulcaisac,6188714.0
320,Ilulcaisao,6190205.0
321,Ilulcanixo,6198966.0
322,Ilulcaisae,6213917.0
323,Iiulcanoij,6214563.0
324,Ilulcaisag,6221396.0
325,Ilulcanixq,6221875.0
326,Ilulcaisof,6223882.0
327,Ilulcanixc,6225599.0
328,Ilulcaisvw,6230133.0
329,Ilulcaisaq,6230538.0
330,Ilulcanciv,6251642.0
331,Ilulcanciy,6258935.0
332,Jlzlcanoc,6260518.0
333,Ilulcanixd,6267944.0
334,Jlzlcanou,6269929.0
335,Ilulcaisad,6274643.0
336,Ilulconoij,6276890.0
337,Iluicanuw,6282127.0
338,Iiulcancx,6285669.0
339,Ilulcaisvs,6292982.0
340,Ilulcaiszm,6295301.0
341,Ilulcaiszn,6295301.0
342,Ilulcaiszr,6295301.0
343,Jlzlcanod,6295741.0
344,Ilulcaiszf,6302935.0
345,Ilulcanot,6303643.0
346,Ilulcaisvo,6317286.0
347,Ilulcanixe,6319478.0
348,Ilulcaisvq,6319513.0
349,Ilulcissav,6342379.0
350,Jliiicanue,6344357.0
351,Ilulcissay,6345544.0
352,Ilulcaisvd,6352724.0
353,Ilulcaisvc,6357341.0
354,Ilulcaniol,6363981.0
355,Ilulcanio,6363981.0
356,Ilulcanioi,6363981.0
357,Ilulcaisos,6364282.0
358,Jliiicanizj,6374174.0
359,Jlzlcanoii,6375514.0
360,Jlzlcanoi,6375514.0
361,Jlzlcanoil,6375514.0
362,Ilulcaisvt,6396585.0
363,Ilulcanciw,6403471.0
364,Ilulcissaw,6410272.0
365,Ilulcaisai,6423725.0
366,Ilulcaisa,6423725.0
367,Ilulcaisar,6423725.0
368,Ilulcaisal,6423725.0
369,Ilulcaisoo,6458834.0
370,Iluicanue,6467906.0
371,Ilulcaisoc,6468673.0
372,Ilulcaisvf,6472478.0
373,Ilulcaisve,6475718.0
374,Ilulcanioj,6479581.0
375,Ilulcaisoq,6490515.0
376,Jlzlcanoij,6491114.0
377,Ilulcissat,6492112.0
378,Iluicanizj,6497723.0
379,Ilulcaisax,6498582.0
380,Ilulcaisoe,6520450.0
381,Ilulcaisuv,6522020.0
382,Jliiicanixv,6522909.0
383,Ilulcaisuy,6529313.0
384,Jliiicanixy,6529578.0
385,Ilulcissaf,6530827.0
386,Ilulcaisod,6533590.0
387,Ilulcanixg,6561057.0
388,Ilulcanixx,6563043.0
389,Ilulcancit,6576127.0
390,Ilulcaisvz,6602049.0
391,Ilulcancis,6603770.0
392,Ilulcaisou,6605126.0
393,Ilulcanixu,6611064.0
394,Ilulcaisvx,6614433.0
395,Ilulcaisog,6624131.0
396,Ilulcanixz,6645267.0
397,Iiulcanizj,6650667.0
398,Jliiicanux,6652785.0
399,Ilulcancif,6654746.0
400,Jliiicanuo,6656201.0
401,Jliiicanixw,6662050.0
402,Ilulcancio,6668050.0
403,Ilulcaisuw,6673849.0
404,Ilulcaisaz,6674982.0
405,Ilulcanciq,6685215.0
406,Ilulcancic,6701177.0
407,Ilulconizj,6712994.0
408,Ilulcancid,6729818.0
409,Ilulcanoa,6748387.0
410,Jliiicanuq,6750579.0
411,Jliiicancq,6755533.0
412,Ilulcissas,6775051.0
413,Iluicanux,6776334.0
414,Ilulcaisox,6777305.0
415,Iluicanuo,6779750.0
416,Ilulcaiscw,6804509.0
417,Ilulcancie,6809762.0
418,Jliiicanco,6812050.0
419,Ilulcanctj,6814261.0
420,Ilulcanctl,6814261.0
421,Ilulcancti,6814261.0
422,Ilulcanct,6814261.0
423,Jliiicanuu,6815323.0
424,Jliiicanixt,6820978.0
425,Jliiicanuc,6835118.0
426,Ilulcaisvg,6843357.0
427,Ilulcaiszii,6843561.0
428,Ilulcaiszil,6843561.0
429,Ilulcaiszi,6843561.0
430,Ilulcaiszij,6843561.0
431,Jliiicanuii,6843854.0
432,Jliiicanuil,6843854.0
433,Jliiicanui,6843854.0
434,Ilulcaisut,6846505.0
435,Jliiicania,6850393.0
436,Jliiicanial,6850393.0
437,Jliiicaniai,6850393.0
438,Ilulcissau,6850477.0
439,Jliiicancc,6865237.0
440,Jliiicanud,6871493.0
441,Iluicanuq,6874128.0
442,Iluicancq,6879082.0
443,Ilulcissac,6887476.0
444,Ilulcissao,6888967.0
445,Jliiicanixf,6893565.0
446,Jliiicanixs,6907389.0
447,Ilulcaisoz,6909209.0
448,Ilulcissae,6912679.0
449,Ilulcissag,6920158.0
450,Ilulcaisuf,6925124.0
451,Ilulcissaq,6929300.0
452,Iluicanco,6935599.0
453,Iluicanuu,6938872.0
454,Jliiicancd,6951383.0
455,Ilulcaisor,6958094.0
456,Ilulcaisol,6958094.0
457,Ilulcaiso,6958094.0
458,Ilulcaisoi,6958094.0
459,Iluicanuc,6958667.0
460,Jliiicanuij,6959454.0
461,Jliiicaniaj,6965993.0
462,Iluicanuii,6967403.0
463,Iluicanui,6967403.0
464,Iluicanuil,6967403.0
465,Ilulcaisvu,6969108.0
466,Ilulcissad,6973405.0
467,Iluicaniai,6973942.0
468,Iluicania,6973942.0
469,Iluicanial,6973942.0
470,Jliiicanixo,6985057.0
471,Iluicancc,6988786.0
472,Iluicanud,6995042.0
473,Ilulcaiscv,7004761.0
474,Ilulcaiszg,7006306.0
475,Jliiicanixq,7007966.0
476,Jliiicanixc,7011690.0
477,Ilulcaiscn,7027154.0
478,Ilulcaiscr,7027154.0
479,Ilulcaiscm,7027154.0
480,Ilulcancix,7031977.0
481,Iiulcancq,7032026.0
482,Jliiicanciv,7037733.0
483,Jliiicanciy,7045026.0
484,Jliiicanixd,7054035.0
485,Iluicancd,7074932.0
486,Iluicanuij,7083003.0
487,Ilulcanciz,7085545.0
488,Iiulcanco,7088543.0
489,Iluicaniaj,7089542.0
490,Jliiicanot,7089734.0
491,Ilulcaisus,7097924.0
492,Ilulcanixi,7103262.0
493,Ilulcanixl,7103262.0
494,Ilulcanix,7103262.0
495,Ilulcanixr,7103262.0
496,Jliiicanixe,7105569.0
497,Ilulcancig,7107391.0
498,Ilulcissar,7122487.0
499,Ilulcissal,7122487.0
500,Ilulcissai,7122487.0
501,Ilulcissa,7122487.0
502,Iiulcaniai,7126886.0
503,Iiulcania,7126886.0
504,Iiulcanial,7126886.0
505,Iiulcancc,7141730.0
506,Jliiicanio,7150072.0
507,Jliiicaniol,7150072.0
508,Jliiicanioi,7150072.0
509,Iluicanciv,7161282.0
510,Iluicanciy,7168575.0
511,Ilulcaiscy,7178723.0
512,Ilulcanciu,7187626.0
513,Ilulconiai,7189213.0
514,Ilulconia,7189213.0
515,Ilulconial,7189213.0
516,Jliiicanciw,7189562.0
517,Ilulcissax,7197344.0
518,Ilulcancv,7211638.0
519,Iluicanot,7213283.0
520,Ilulcissuv,7220782.0
521,Ilulcaiszz,7221574.0
522,Ilulcaiscc,7226509.0
523,Ilulcaisuo,7227472.0
524,Iiulcancd,7227876.0
525,Ilulcissuy,7228075.0
526,Iiulcaniaj,7242486.0
527,Ilulcaisuc,7246613.0
528,Ilulcanca,7258002.0
529,Jliiicanioj,7265672.0
530,Ilulcaisuq,7269501.0
531,Iluicaniol,7273621.0
532,Iluicanioi,7273621.0
533,Iluicanio,7273621.0
534,Ilulcaisva,7276393.0
535,Ilulcaiscs,7279133.0
536,Ilulcaisco,7299526.0
537,Ilulconiaj,7304813.0
538,Jliiicaisuv,7308111.0
539,Iluicanciw,7313111.0
540,Iiulcanciv,7314226.0
541,Jliiicaisuy,7315404.0
542,Iiulcanciy,7321519.0
543,Ilulcaiscq,7323165.0
544,Ilulcaisud,7331198.0
545,Ilulcaisue,7331888.0
546,Ilulcanut,7335527.0
547,Jliiicanixg,7347148.0
548,Jliiicanixx,7349134.0
549,Jliiicancit,7362218.0
550,Iiulcanot,7366227.0
551,Ilulcissuw,7372611.0
552,Ilulcissaz,7373744.0
553,Iluicanioj,7389221.0
554,Jliiicancis,7389861.0
555,Jliiicanixu,7397155.0
556,Jlzlcania,7403437.0
557,Jlzlcanial,7403437.0
558,Jlzlcaniai,7403437.0
559,Ilulcaisce,7414330.0
560,Ilulconot,7428554.0
561,Jliiicanixz,7431358.0
562,Ilulcaiscd,7435801.0
563,Jliiicancif,7440837.0
564,Jliiicancio,7454141.0
565,Jliiicaisuw,7459940.0
566,Iiulcanciw,7466055.0
567,Jliiicanciq,7471306.0
568,Iluicancit,7485767.0
569,Jliiicancic,7487268.0
570,Ilulcaisuu,7490638.0
571,Ilulcaisug,7494319.0
572,Ilulcaisvl,7507710.0
573,Ilulcaisv,7507710.0
574,Ilulcaisvr,7507710.0
575,Ilulcaisvi,7507710.0
576,Ilulcaisza,7511302.0
577,Iluicancis,7513410.0
578,Jliiicancid,7515909.0
579,Jlzlcaniaj,7519037.0
580,Jliiicanoa,7534478.0
581,Ilulcissut,7545267.0
582,Ilulcanixa,7563271.0
583,Iluicancif,7564386.0
584,Iluicancio,7577690.0
585,Iluicanciq,7594855.0
586,Jliiicancie,7595853.0
587,Jliiicanctj,7600352.0
588,Jliiicanct,7600352.0
589,Jliiicanctl,7600352.0
590,Jliiicancti,7600352.0
591,Ilulcaisaa,7609866.0
592,Iluicancic,7610817.0
593,Ilulcissuf,7623886.0
594,Jliiicaisut,7632596.0
595,Ilulcaiscil,7637034.0
596,Ilulcaiscij,7637034.0
597,Ilulcaiscii,7637034.0
598,Ilulcaisci,7637034.0
599,Iiulcancit,7638711.0
600,Iluicancid,7639458.0
601,Jlzlcanot,7642778.0
602,Iluicanoa,7658027.0
603,Iiulcancis,7666354.0
604,Ilulcaisux,7686193.0
605,Jliiicaisuf,7711215.0
606,Iiulcancif,7717330.0
607,Iluicancie,7719402.0
608,Ilulcancil,7722502.0
609,Ilulcanci,7722502.0
610,Ilulcancii,7722502.0
611,Ilulcancir,7722502.0
612,Iluicanctl,7723901.0
613,Iluicanctj,7723901.0
614,Iluicancti,7723901.0
615,Iluicanct,7723901.0
616,Iiulcancio,7730634.0
617,Iiulcanciq,7747799.0
618,Iiulcancic,7763761.0
619,Iiulcancid,7792402.0
620,Ilulcissus,7796686.0
621,Ilulcaisoa,7806189.0
622,Iiulcanoa,7810971.0
623,Jliiicancix,7818068.0
624,Ilulcaisaj,7845581.0
625,Ilulcaisuz,7851649.0
626,Jliiicanciz,7871636.0
627,Iiulcancie,7872346.0
628,Ilulconoa,7873298.0
629,Iiulcanctj,7876845.0
630,Iiulcancti,7876845.0
631,Iiulcanctl,7876845.0
632,Iiulcanct,7876845.0
633,Jliiicaisus,7884015.0
634,Jliiicanixi,7889353.0
635,Jliiicanix,7889353.0
636,Jliiicanixl,7889353.0
637,Jliiicanixr,7889353.0
638,Jliiicancig,7893482.0
639,Ilulcaisct,7911018.0
640,Ilulcissuo,7926234.0
641,Iluicancix,7941617.0
642,Ilulcissuc,7945375.0
643,Ilulcanua,7946187.0
644,Ilulcancia,7966869.0
645,Ilulcissuq,7968263.0
646,Jliiicanciu,7973717.0
647,Ilulcaiscf,7984216.0
648,Ilulcaisui,7992880.0
649,Ilulcaisul,7992880.0
650,Ilulcaisur,7992880.0
651,Ilulcaisu,7992880.0
652,Iluicanciz,7995185.0
653,Jliiicancv,7997729.0
654,Jliiicaisuo,8013563.0
655,Iluicancig,8017031.0
656,Ilulcissud,8029960.0
657,Ilulcissue,8030650.0
658,Jliiicaisuc,8032704.0
659,Jliiicanca,8044093.0
660,Jliiicaisuq,8055592.0
661,Ilulcancu,8062350.0
662,Jlzlcanoa,8087522.0
663,Iiulcancix,8094561.0
664,Iluicanciu,8097266.0
665,Jliiicaisud,8117289.0
666,Jliiicaisue,8117979.0
667,Iluicancv,8121278.0
668,Jliiicanut,8121618.0
669,Ilulcanivi,8121723.0
670,Ilulcaniv,8121723.0
671,Ilulcanivl,8121723.0
672,Iiulcanciz,8148129.0
673,Iluicanca,8167642.0
674,Iiulcancig,8169975.0
675,Ilulcissuu,8189400.0
676,Ilulcissug,8193081.0
677,Ilulcanivj,8237323.0
678,Iluicanut,8245167.0
679,Iiulcanciu,8250210.0
680,Iiulcancv,8274222.0
681,Jliiicaisuu,8276729.0
682,Ilulcanok,8279457.0
683,Jliiicaisug,8280410.0
684,Ilulcanoh,8283474.0
685,Ilulcissaa,8308628.0
686,Iiulcanca,8320586.0
687,Jliiicanixa,8349362.0
688,Ilulcaisoj,8353994.0
689,Ilulcissux,8384955.0
690,Ilulcanixj,8470182.0
691,Jliiicaisux,8472284.0
692,Ilulcanck,8476185.0
693,Jliiicancii,8508593.0
694,Jliiicanci,8508593.0
695,Jliiicancil,8508593.0
696,Jliiicancir,8508593.0
697,Ilulcissaj,8544343.0
698,Ilulcissuz,8550411.0
699,Iluicanci,8632142.0
700,Iluicancii,8632142.0
701,Iluicancil,8632142.0
702,Iluicancir,8632142.0
703,Jliiicaisuz,8637740.0
704,Ilulcanoli,8640035.0
705,Ilulcanoll,8640035.0
706,Ilulcanol,8640035.0
707,Ilulcancz,8678758.0
708,Ilulcancjv,8691131.0
709,Ilulcissul,8691642.0
710,Ilulcissur,8691642.0
711,Ilulcissui,8691642.0
712,Ilulcissu,8691642.0
713,Ilulcancjy,8698424.0
714,Jliiicanua,8732278.0
715,Ilulcaiscg,8749601.0
716,Jliiicancia,8752960.0
717,Ilulcanolj,8755635.0
718,Jliiicaisui,8778971.0
719,Jliiicaisur,8778971.0
720,Jliiicaisul,8778971.0
721,Jliiicaisu,8778971.0
722,Iiulcancil,8785086.0
723,Iiulcancir,8785086.0
724,Iiulcancii,8785086.0
725,Iiulcanci,8785086.0
726,Ilulcaisvj,8819442.0
727,Ilulcancjw,8842960.0
728,Jliiicancu,8848441.0
729,Ilulcancw,8850373.0
730,Iluicanua,8855827.0
731,Iluicancia,8876509.0
732,Ilulcanch,8900245.0
733,Iluicancu,8971990.0
734,Ilulcaiszlj,8986349.0
735,Ilulcaiszl,8986349.0
736,Ilulcaiszll,8986349.0
737,Ilulcaiszli,8986349.0
738,Ilulcancjt,9015616.0
739,Iiulcancia,9029453.0
740,Ilulcaisua,9049989.0
741,Jliiicanok,9065548.0
742,Jliiicanoh,9069565.0
743,Ilulcancij,9072706.0
744,Ilulcancjf,9094235.0
745,Iiulcancu,9124934.0
746,Iluicanok,9189097.0
747,Iluicanoh,9193114.0
748,Ilulcanof,9198055.0
749,Ilulcancjs,9243131.0
750,Jliiicanixj,9256273.0
751,Jliiicanck,9262276.0
752,Ilulcanoz,9286455.0
753,Ilulcanuk,9290779.0
754,Ilulcanuh,9295498.0
755,Ilulcaniui,9314171.0
756,Ilulcaniu,9314171.0
757,Ilulcaniul,9314171.0
758,Ilulcanoj,9334784.0
759,Ilulcanoji,9334784.0
760,Ilulcanojl,9334784.0
761,Iiulcanok,9342041.0
762,Iiulcanoh,9346058.0
763,Ilulcancjo,9365707.0
764,Iluicanck,9385825.0
765,Ilulcancjc,9386342.0
766,Ilulcanob,9401751.0
767,Ilulconok,9404368.0
768,Ilulcancjq,9405080.0
769,Ilulcaisuj,9408352.0
770,Ilulconoh,9408385.0
771,Jliiicanol,9426126.0
772,Jliiicanoli,9426126.0
773,Jliiicanoll,9426126.0
774,Ilulcaniuj,9429771.0
775,Jliiicancz,9464849.0
776,Ilulcancjd,9464951.0
777,Ilulcancje,9474107.0
778,Jliiicancjv,9477222.0
779,Jliiicancjy,9484515.0
780,Iiulcanck,9538769.0
781,Jliiicanolj,9541726.0
782,Iluicanol,9549675.0
783,Iluicanoll,9549675.0
784,Iluicanoli,9549675.0
785,Iluicancz,9588398.0
786,Iluicancjv,9600771.0
787,Iluicancjy,9608064.0
788,Jlzlcanok,9618592.0
789,Jlzlcanoh,9622609.0
790,Jliiicancjw,9629051.0
791,Jliiicancw,9636464.0
792,Ilulcancju,9656263.0
793,Ilulcanul,9661419.0
794,Ilulcanuli,9661419.0
795,Ilulcanull,9661419.0
796,Iluicanolj,9665275.0
797,Ilulcanop,9679051.0
798,Jliiicanch,9686336.0
799,Iiulcanoli,9702619.0
800,Iiulcanoll,9702619.0
801,Iiulcanol,9702619.0
802,Iiulcancz,9741342.0
803,Ilulcissua,9748751.0
804,Iluicancjw,9752600.0
805,Iiulcancjv,9753715.0
806,Iluicancw,9760013.0
807,Iiulcancjy,9761008.0
808,Ilulconol,9764946.0
809,Ilulconoll,9764946.0
810,Ilulconoli,9764946.0
811,Ilulcanulj,9777019.0
812,Jliiicancjt,9801707.0
813,Iluicanch,9809885.0
814,Ilulcancjx,9814302.0
815,Iiulcanolj,9818219.0
816,Jliiicaisua,9836080.0
817,Ilulcanclv,9855298.0
818,Ilulcaisqv,9855613.0
819,Jliiicancij,9858797.0
820,Ilulcaisqy,9858958.0
821,Ilulcancly,9862591.0
822,Jliiicancjf,9880326.0
823,Ilulconolj,9880546.0
824,Iiulcancjw,9905544.0
825,Iiulcancw,9912957.0
826,Iluicancjt,9925256.0
827,Ilulcaisqw,9927166.0
828,Iiulcanch,9962829.0
829,Ilulcaiszp,9967561.0
830,Ilulcancjz,9967806.0
831,Jlzlcanoli,9979170.0
832,Jlzlcanol,9979170.0
833,Jlzlcanoll,9979170.0
834,Iluicancij,9982346.0
835,Jliiicanof,9984146.0
836,Ilulcaiszk,10002473.0
837,Ilulcaiszh,10002473.0
838,Iluicancjf,10003875.0
839,Ilulcanclw,10007127.0
840,Ilulcaisqt,10012966.0
841,Jliiicancjs,10029222.0
842,Ilulcaisqf,10053421.0
843,Ilulcaiszb,10054169.0
844,Jliiicanoz,10072546.0
845,Jliiicanuk,10076870.0
846,Iiulcancjt,10078200.0
847,Jliiicanuh,10081589.0
848,Jlzlcanolj,10094770.0
849,Jliiicaniu,10100262.0
850,Jliiicaniui,10100262.0
851,Jliiicaniul,10100262.0
852,Ilulcissuj,10107114.0
853,Iluicanof,10107695.0
854,Jliiicanoji,10120875.0
855,Jliiicanoj,10120875.0
856,Jliiicanojl,10120875.0
857,Ilulcancjg,10130806.0
858,Iiulcancij,10135290.0
859,Jliiicancjo,10151798.0
860,Iluicancjs,10152771.0
861,Iiulcancjf,10156819.0
862,Ilulcancji,10161991.0
863,Ilulcancjl,10161991.0
864,Ilulcancj,10161991.0
865,Ilulcancjr,10161991.0
866,Jliiicancjc,10172433.0
867,Ilulcanclt,10179783.0
868,Jliiicanob,10187842.0
869,Ilulcanog,10187884.0
870,Jliiicancjq,10191171.0
871,Jliiicaisuj,10194443.0
872,Iluicanoz,10196095.0
873,Iluicanuk,10200419.0
874,Iluicanuh,10205138.0
875,Ilulcancls,10207426.0
876,Ilulcanuf,10211633.0
877,Jliiicaniuj,10215862.0
878,Iluicaniul,10223811.0
879,Iluicaniu,10223811.0
880,Iluicaniui,10223811.0
881,Iluicanoji,10244424.0
882,Iluicanoj,10244424.0
883,Iluicanojl,10244424.0
884,Jliiicancjd,10251042.0
885,Ilulcanclf,10258402.0
886,Jliiicancje,10260198.0
887,Iiulcanof,10260639.0
888,Ilulcaisz,10269128.0
889,Ilulcanclo,10271706.0
890,Iluicancjo,10275347.0
891,Ilulcanclq,10288871.0
892,Iluicancjc,10295982.0
893,Ilulcaisdv,10299663.0
894,Ilulcaisdy,10302396.0
895,Ilulcanclc,10304833.0
896,Iiulcancjs,10305715.0
897,Iluicanob,10311391.0
898,Iluicancjq,10314720.0
899,Ilulconof,10322966.0
900,Ilulcancld,10333474.0
901,Ilulcancp,10336193.0
902,Iluicaniuj,10339411.0
903,Iiulcanoz,10349039.0
904,Ilulcaisdw,10358772.0
905,Iluicancjd,10374591.0
906,Iiulcaniul,10376755.0
907,Iiulcaniui,10376755.0
908,Iiulcaniu,10376755.0
909,Iluicancje,10383747.0
910,Iiulcanoji,10397368.0
911,Iiulcanojl,10397368.0
912,Iiulcanoj,10397368.0
913,Ilulcaisqu,10408081.0
914,Ilulconoz,10411366.0
915,Ilulcancle,10413418.0
916,Iiulcancjo,10428291.0
917,Ilulcaisdt,10431108.0
918,Jliiicancju,10442354.0
919,Ilulcaiscp,10443708.0
920,Jliiicanul,10447510.0
921,Jliiicanull,10447510.0
922,Jliiicanuli,10447510.0
923,Iiulcancjc,10448926.0
924,Ilulconojl,10459695.0
925,Ilulconoj,10459695.0
926,Ilulconoji,10459695.0
927,Ilulcaisqs,10461085.0
928,Iiulcanob,10464335.0
929,Jliiicanop,10465142.0
930,Ilulcaisdf,10465647.0
931,Iiulcancjq,10467664.0
932,Iiulcaniuj,10492355.0
933,Ilulcancb,10514065.0
934,Ilulconob,10526662.0
935,Iiulcancjd,10527535.0
936,Ilulcaiscx,10535750.0
937,Ilulcaiscl,10536194.0
938,Ilulcaisclj,10536194.0
939,Ilulcaiscli,10536194.0
940,Ilulcaiscll,10536194.0
941,Iiulcancje,10536691.0
942,Jlzlcanof,10537190.0
943,Ilulcancy,10540945.0
944,Ilulcanuj,10550488.0
945,Ilulcanuji,10550488.0
946,Ilulcanujl,10550488.0
947,Jliiicanulj,10563110.0
948,Iluicancju,10565903.0
949,Iluicanuli,10571059.0
950,Iluicanull,10571059.0
951,Iluicanul,10571059.0
952,Ilulcanojj,10573064.0
953,Ilulcanub,10577899.0
954,Iluicanop,10588691.0
955,Jliiicancjx,10600393.0
956,Ilulcaisqc,10613260.0
957,Ilulcaniy,10617919.0
958,Ilulcaniyi,10617919.0
959,Ilulcaniyl,10617919.0
960,Ilulcanuz,10618675.0
961,Ilulcaisqe,10623733.0
962,Ilulcaisqo,10624261.0
963,Jlzlcanoz,10625590.0
964,Ilulcanclx,10635633.0
965,Jliiicanclv,10641389.0
966,Jliiicancly,10648682.0
967,Ilulcaisqr,10665841.0
968,Ilulcaisql,10665841.0
969,Ilulcaisq,10665841.0
970,Ilulcaisqi,10665841.0
971,Jlzlcanoj,10673919.0
972,Jlzlcanojl,10673919.0
973,Jlzlcanoji,10673919.0
974,Ilulcaisqq,10683174.0
975,Iluicanulj,10686659.0
976,Ilulcanclz,10689201.0
977,Ilulcaisds,10691439.0
978,Ilulcanclg,10711047.0
979,Iiulcancju,10718847.0
980,Iluicancjx,10723942.0
981,Ilulcaisqd,10740769.0
982,Jlzlcanob,10740886.0
983,Iiulcanop,10741635.0
984,Jliiicancjz,10753897.0
985,Ilulcaisdu,10755789.0
986,Iluicanclv,10764938.0
987,Iluicancly,10772231.0
988,Ilulcanclu,10791282.0
989,Jliiicanclw,10793218.0
990,Ilulcaisdc,10794132.0
991,Ilulcaisdo,10796163.0
992,Ilulconop,10803962.0
993,Ilulcaisde,10815747.0
994,Ilulcaisdg,10822662.0
995,Ilulcaisdq,10833440.0
996,Ilulcaisdd,10873725.0
997,Iiulcancjx,10876886.0
998,Iluicancjz,10877446.0
999,Ilulcaisck,10888298.0
1000,Ilulcaisch,10888298.0
1001,Iluicanclw,10916767.0
1002,Jliiicancjg,10916897.0
1003,Iiulcanclv,10917882.0
1004,Iiulcancly,10925175.0
1005,Ilulcaiscb,10930538.0
1006,Jliiicancji,10948082.0
1007,Jliiicancj,10948082.0
1008,Jliiicancjl,10948082.0
1009,Jliiicancjr,10948082.0
1010,Jliiicanclt,10965874.0
1011,Jliiicanog,10973975.0
1012,Jliiicancls,10993517.0
1013,Jliiicanuf,10997724.0
1014,Ilulcaisdi,11007483.0
1015,Ilulcaisdl,11007483.0
1016,Ilulcaisd,11007483.0
1017,Ilulcaisdr,11007483.0
1018,Ilulcaisqx,11009748.0
1019,Jlzlcanop,11018186.0
1020,Iiulcancjz,11030390.0
1021,Ilulcanup,11038411.0
1022,Iluicancjg,11040446.0
1023,Jliiicanclf,11044493.0
1024,Jliiicanclo,11057797.0
1025,Ilulcaisqg,11062918.0
1026,Iiulcanclw,11069711.0
1027,Iluicancj,11071631.0
1028,Iluicancjr,11071631.0
1029,Iluicancjl,11071631.0
1030,Iluicancji,11071631.0
1031,Jliiicanclq,11074962.0
1032,Ilulcaisdx,11077832.0
1033,Iluicanclt,11089423.0
1034,Jliiicanclc,11090924.0
1035,Iluicanog,11097524.0
1036,Iluicancls,11117066.0
1037,Jliiicancld,11119565.0
1038,Iluicanuf,11121273.0
1039,Jliiicancp,11122284.0
1040,Ilulcanicv,11131330.0
1041,Ilulcancja,11132282.0
1042,Ilulcanidi,11142768.0
1043,Ilulcanid,11142768.0
1044,Ilulcanidl,11142768.0
1045,Ilulcanicy,11146819.0
1046,Iluicanclf,11168042.0
1047,Ilulcaniqi,11176036.0
1048,Ilulcaniql,11176036.0
1049,Ilulcaniq,11176036.0
1050,Iluicanclo,11181346.0
1051,Iiulcancjg,11193390.0
1052,Iluicanclq,11198511.0
1053,Jliiicancle,11199509.0
1054,Iluicanclc,11214473.0
1055,Iiulcancj,11224575.0
1056,Iiulcancji,11224575.0
1057,Iiulcancjr,11224575.0
1058,Iiulcancjl,11224575.0
1059,Iiulcanclt,11242367.0
1060,Ilulcaisdz,11242424.0
1061,Iluicancld,11243114.0
1062,Iluicancp,11245833.0
1063,Iiulcanog,11250468.0
1064,Ilulcanidj,11258368.0
1065,Ilulcaisqz,11268948.0
1066,Iiulcancls,11270010.0
1067,Jliiicancb,11300156.0
1068,Ilulconog,11312795.0
1069,Iiulcanclf,11320986.0
1070,Iluicancle,11323058.0
1071,Ilulcancli,11326158.0
1072,Ilulcanclr,11326158.0
1073,Ilulcancll,11326158.0
1074,Ilulcancl,11326158.0
1075,Jliiicancy,11327036.0
1076,Iiulcanclo,11334290.0
1077,Jliiicanujl,11336579.0
1078,Jliiicanuji,11336579.0
1079,Jliiicanuj,11336579.0
1080,Iiulcanclq,11351455.0
1081,Jliiicanojj,11359155.0
1082,Jliiicanub,11363990.0
1083,Iiulcanclc,11367417.0
1084,Iiulcancld,11396058.0
1085,Iiulcancp,11398777.0
1086,Jliiicanuz,11404766.0
1087,Jliiicanclx,11421724.0
1088,Iluicancb,11423705.0
1089,Ilulcanicw,11449811.0
1090,Iluicancy,11450585.0
1091,Ilulcaniqj,11454840.0
1092,Iluicanuji,11460128.0
1093,Iluicanujl,11460128.0
1094,Iluicanuj,11460128.0
1095,Ilulcanug,11475000.0
1096,Jliiicanclz,11475292.0
1097,Iiulcancle,11476002.0
1098,Iluicanojj,11482704.0
1099,Iluicanub,11487539.0
1100,Jliiicanclg,11497138.0
1101,Ilulcaniyj,11497839.0
1102,Ilulcaiszj,11518673.0
1103,Ilulcaiszjj,11518673.0
1104,Ilulcaiszji,11518673.0
1105,Ilulcaiszjl,11518673.0
1106,Jlzlcanog,11527019.0
1107,Iluicanuz,11528315.0
1108,Iluicanclx,11545273.0
1109,Ilulcancla,11570525.0
1110,Iiulcancb,11576649.0
1111,Jliiicanclu,11577373.0
1112,Iluicanclz,11598841.0
1113,Iiulcancy,11603529.0
1114,Iluicanclg,11620687.0
1115,Iiulcanojj,11635648.0
1116,Ilulcanics,11658946.0
1117,Ilulconojj,11697975.0
1118,Iiulcanclx,11698217.0
1119,Iluicanclu,11700922.0
1120,Ilulcanico,11722502.0
1121,Ilulcanicq,11730935.0
1122,Iiulcanclz,11751785.0
1123,Iiulcanclg,11773631.0
1124,Ilulcanujj,11788768.0
1125,Ilulcanicd,11802148.0
1126,Ilulcanict,11802779.0
1127,Ilulcanicc,11803399.0
1128,Jliiicanup,11824502.0
1129,Iiulcanclu,11853866.0
1130,Jlzlcanojj,11912199.0
1131,Jliiicanicv,11917421.0
1132,Jliiicancja,11918373.0
1133,Jliiicanidi,11928859.0
1134,Jliiicanid,11928859.0
1135,Jliiicanidl,11928859.0
1136,Jliiicanicy,11932910.0
1137,Iluicanup,11948051.0
1138,Ilulcanicf,11960626.0
1139,Jliiicaniq,11962127.0
1140,Jliiicaniqi,11962127.0
1141,Jliiicaniql,11962127.0
1142,Ilulcaiscjl,12039892.0
1143,Ilulcaiscji,12039892.0
1144,Ilulcaiscjj,12039892.0
1145,Ilulcaiscj,12039892.0
1146,Iluicanicv,12040970.0
1147,Iluicancja,12041922.0
1148,Ilulcanice,12042598.0
1149,Jliiicanidj,12044459.0
1150,Iluicanid,12052408.0
1151,Iluicanidl,12052408.0
1152,Iluicanidi,12052408.0
1153,Iluicanicy,12056459.0
1154,Iluicaniql,12085676.0
1155,Iluicaniqi,12085676.0
1156,Iluicaniq,12085676.0
1157,Jliiicancli,12112249.0
1158,Jliiicancl,12112249.0
1159,Jliiicanclr,12112249.0
1160,Jliiicancll,12112249.0
1161,Ilulcaisda,12113036.0
1162,Iluicanidj,12168008.0
1163,Iiulcancja,12194866.0
1164,Ilulcancfl,12214905.0
1165,Ilulcancfj,12214905.0
1166,Ilulcancfi,12214905.0
1167,Ilulcancf,12214905.0
1168,Iluicancli,12235798.0
1169,Iluicancll,12235798.0
1170,Iluicanclr,12235798.0
1171,Iluicancl,12235798.0
1172,Jliiicanicw,12235902.0
1173,Jliiicaniqj,12240931.0
1174,Jliiicanug,12261091.0
1175,Ilulcanicz,12316195.0
1176,Ilulcanicx,12338803.0
1177,Jliiicancla,12356616.0
1178,Iluicanicw,12359451.0
1179,Iluicaniqj,12364480.0
1180,Iluicanug,12384640.0
1181,Iiulcancli,12388742.0
1182,Iiulcanclr,12388742.0
1183,Iiulcancll,12388742.0
1184,Iiulcancl,12388742.0
1185,Ilulcaisdj,12422451.0
1186,Jliiicanics,12445037.0
1187,Ilulcaisqa,12451272.0
1188,Iluicancla,12480165.0
1189,Jliiicanico,12508593.0
1190,Jliiicanicq,12517026.0
1191,Iluicanics,12568586.0
1192,Jliiicanujj,12574859.0
1193,Jliiicanicd,12588239.0
1194,Jliiicanict,12588870.0
1195,Jliiicanicc,12589490.0
1196,Iluicanico,12632142.0
1197,Iiulcancla,12633109.0
1198,Iluicanicq,12640575.0
1199,Ilulcanclj,12676362.0
1200,Iluicanujj,12698408.0
1201,Iluicanicd,12711788.0
1202,Iluicanict,12712419.0
1203,Iluicanicc,12713039.0
1204,Ilulcanicg,12713669.0
1205,Jliiicanicf,12746717.0
1206,Ilulcaisca,12826141.0
1207,Jliiicanice,12828689.0
1208,Iluicanicf,12870266.0
1209,Iluicanice,12952238.0
1210,Ilulcanicu,12965780.0
1211,Jliiicancf,13000996.0
1212,Jliiicancfl,13000996.0
1213,Jliiicancfj,13000996.0
1214,Jliiicancfi,13000996.0
1215,Jliiicanicz,13102286.0
1216,Iluicancfi,13124545.0
1217,Iluicancfj,13124545.0
1218,Iluicancf,13124545.0
1219,Iluicancfl,13124545.0
1220,Jliiicanicx,13124894.0
1221,Iluicanicz,13225835.0
1222,Iluicanicx,13248443.0
1223,Ilulcaiscz,13260073.0
1224,Iiulcancfi,13277489.0
1225,Iiulcancfj,13277489.0
1226,Iiulcancfl,13277489.0
1227,Iiulcancf,13277489.0
1228,Jliiicanclj,13462453.0
1229,Jliiicanicg,13499760.0
1230,Ilulcanica,13566335.0
1231,Iluicanclj,13586002.0
1232,Iluicanicg,13623309.0
1233,Iiulcanclj,13738946.0
1234,Jliiicanicu,13751871.0
1235,Iluicanicu,13875420.0
1236,Ilulcanici,13973654.0
1237,Ilulcanicr,13973654.0
1238,Ilulcanic,13973654.0
1239,Ilulcanicl,13973654.0
1240,Ilulcaisqj,14246041.0
1241,Jliiicanica,14352426.0
1242,Iluicanica,14475975.0
1243,Ilulcancjj,14606767.0
1244,Jliiicanici,14759745.0
1245,Jliiicanicr,14759745.0
1246,Jliiicanicl,14759745.0
1247,Jliiicanic,14759745.0
1248,Iluicanicr,14883294.0
1249,Iluicanici,14883294.0
1250,Iluicanicl,14883294.0
1251,Iluicanic,14883294.0
1252,Ilulcancg,14965981.0
1253,Ilulcanicj,15279422.0
1254,Jliiicancjj,15392858.0
1255,Iluicancjj,15516407.0
1256,Iiulcancjj,15669351.0
1257,Jliiicancg,15752072.0
1258,Iluicancg,15875621.0
1259,Iiulcancg,16028565.0
1260,Jliiicanicj,16065513.0
1261,Iluicanicj,16189062.0
1262,Ilulcano,16364631.0
1263,Ilulcanu,16855327.0
1264,Jliiicano,17150722.0
1265,Iluicano,17274271.0
1266,Iiulcano,17427215.0
1267,Ilulcono,17489542.0
1268,Jliiicanu,17641418.0
1269,Jlzlcano,17703766.0
1270,Iluicanu,17764967.0
1271,Ilulcaisc,19602827.0
1272,Ilulcanc,28159516.0
1273,Jliiicanc,28945607.0
1274,Iluicanc,29069156.0
1275,Iiulcanc,29222100.0
